key,key:userAccount,employeeCode,languages,workStartMoment,briefBio,salary,photo,key:airline
agent-01,user-account-agent-01,JA546694,"Español, Inglés, Francés",2024/11/22 08:00,Agente con amplia experiencia en gestión de incidencias post-vuelo y atención al cliente.,EUR 50000.00,https://example.com/photo/agent-01.jpg,airline-01
agent-02,user-account-agent-02,PAP546694,"Español, Inglés, Francés",2024/11/23 08:00,"Especialista en asistencia al pasajero, resolviendo incidencias con eficiencia y profesionalismo.",EUR 55000.00,https://example.com/photo/agent-02.jpg,airline-02
agent-02-prueba1,user-account-agent-02,PA000001,L,2024/11/23 08:00,"Especialista en asistencia al pasajero, resolviendo incidencias con eficiencia y profesionalismo.",EUR 55000.00,https://example.com/photo/agent-02.jpg,airline-02
agent-02-prueba2,user-account-agent-02,PA000002,Lo,2024/11/23 08:00,"Especialista en asistencia al pasajero, resolviendo incidencias con eficiencia y profesionalismo.",EUR 55000.00,https://example.com/photo/agent-02.jpg,airline-02
agent-02-prueba3,user-account-agent-02,PA000003,"Lorem ipsum dolor sit amet, consectetur adipiscing elit. Sed do: eiusmod tempor incididunt ut labore et dolore magna aliqua! Ut enim ad minim veniam? Quis nostrud exercitation ullamco laboris nisi ut aliquip ex ea commodo consequat. Duis aute irure dolor",2024/11/23 08:00,"Especialista en asistencia al pasajero, resolviendo incidencias con eficiencia y profesionalismo.",EUR 55000.00,https://example.com/photo/agent-02.jpg,airline-02
agent-02-prueba4,user-account-agent-02,PA000004,"Lorem ipsum dolor sit amet, consectetur adipiscing elit. Sed do: eiusmod tempor incididunt ut labore et dolore magna aliqua! Ut enim ad minim veniam? Quis nostrud exercitation ullamco laboris nisi ut aliquip ex ea commodo consequat. Duis aute irure dolor*",2024/11/23 08:00,"Especialista en asistencia al pasajero, resolviendo incidencias con eficiencia y profesionalismo.",EUR 55000.00,https://example.com/photo/agent-02.jpg,airline-02
agent-02-prueba5,user-account-agent-02,PA000005,โลเร็ม อิปซัม,2024/11/23 08:00,"Especialista en asistencia al pasajero, resolviendo incidencias con eficiencia y profesionalismo.",EUR 55000.00,https://example.com/photo/agent-02.jpg,airline-02
agent-02-prueba6,user-account-agent-02,PA000006,لوريم إيبسوم,2024/11/23 08:00,"Especialista en asistencia al pasajero, resolviendo incidencias con eficiencia y profesionalismo.",EUR 55000.00,https://example.com/photo/agent-02.jpg,airline-02
agent-02-prueba7,user-account-agent-02,PA000007,洛伦·伊普森,2024/11/23 08:00,"Especialista en asistencia al pasajero, resolviendo incidencias con eficiencia y profesionalismo.",EUR 55000.00,https://example.com/photo/agent-02.jpg,airline-02
agent-02-prueba8,user-account-agent-02,PA000008,<marquee>Hacked</marquee>,2024/11/23 08:00,"Especialista en asistencia al pasajero, resolviendo incidencias con eficiencia y profesionalismo.",EUR 55000.00,https://example.com/photo/agent-02.jpg,airline-02
agent-02-prueba9,user-account-agent-02,PA000009,<script>alert(‘Hacked!’);</script>,2024/11/23 08:00,"Especialista en asistencia al pasajero, resolviendo incidencias con eficiencia y profesionalismo.",EUR 55000.00,https://example.com/photo/agent-02.jpg,airline-02
agent-02-prueba10,user-account-agent-02,PA000010,' or 'A' = 'A,2024/11/23 08:00,"Especialista en asistencia al pasajero, resolviendo incidencias con eficiencia y profesionalismo.",EUR 55000.00,https://example.com/photo/agent-02.jpg,airline-02
agent-02-prueba11,user-account-agent-02,PA000011,"Español, Inglés, Francés",2000/01/01 0:00,"Especialista en asistencia al pasajero, resolviendo incidencias con eficiencia y profesionalismo.",EUR 55000.00,https://example.com/photo/agent-02.jpg,airline-02
agent-02-prueba12,user-account-agent-02,PA000012,"Español, Inglés, Francés",2000/01/01 0:01,"Especialista en asistencia al pasajero, resolviendo incidencias con eficiencia y profesionalismo.",EUR 55000.00,https://example.com/photo/agent-02.jpg,airline-02
agent-02-prueba13,user-account-agent-02,PA000013,"Español, Inglés, Francés",2024/12/31 23:59,"Especialista en asistencia al pasajero, resolviendo incidencias con eficiencia y profesionalismo.",EUR 55000.00,https://example.com/photo/agent-02.jpg,airline-02
agent-02-prueba14,user-account-agent-02,PA000014,"Español, Inglés, Francés",2025/01/01 00:00,"Especialista en asistencia al pasajero, resolviendo incidencias con eficiencia y profesionalismo.",EUR 55000.00,https://example.com/photo/agent-02.jpg,airline-02
agent-02-prueba15,user-account-agent-02,PA000015,"Español, Inglés, Francés",2024/11/23 08:00,L,EUR 55000.00,https://example.com/photo/agent-02.jpg,airline-02
agent-02-prueba16,user-account-agent-02,PA000016,"Español, Inglés, Francés",2024/11/23 08:00,Lo,EUR 55000.00,https://example.com/photo/agent-02.jpg,airline-02
agent-02-prueba17,user-account-agent-02,PA000017,"Español, Inglés, Francés",2024/11/23 08:00,"Lorem ipsum dolor sit amet, consectetur adipiscing elit. Sed do: eiusmod tempor incididunt ut labore et dolore magna aliqua! Ut enim ad minim veniam? Quis nostrud exercitation ullamco laboris nisi ut aliquip ex ea commodo consequat. Duis aute irure dolor",EUR 55000.00,https://example.com/photo/agent-02.jpg,airline-02
agent-02-prueba18,user-account-agent-02,PA000018,"Español, Inglés, Francés",2024/11/23 08:00,"Lorem ipsum dolor sit amet, consectetur adipiscing elit. Sed do: eiusmod tempor incididunt ut labore et dolore magna aliqua! Ut enim ad minim veniam? Quis nostrud exercitation ullamco laboris nisi ut aliquip ex ea commodo consequat. Duis aute irure dolor*",EUR 55000.00,https://example.com/photo/agent-02.jpg,airline-02
agent-02-prueba19,user-account-agent-02,PA000019,"Español, Inglés, Francés",2024/11/23 08:00,โลเร็ม อิปซัม,EUR 55000.00,https://example.com/photo/agent-02.jpg,airline-02
agent-02-prueba20,user-account-agent-02,PA000020,"Español, Inglés, Francés",2024/11/23 08:00,لوريم إيبسوم,EUR 55000.00,https://example.com/photo/agent-02.jpg,airline-02
agent-02-prueba21,user-account-agent-02,PA000021,"Español, Inglés, Francés",2024/11/23 08:00,洛伦·伊普森,EUR 55000.00,https://example.com/photo/agent-02.jpg,airline-02
agent-02-prueba22,user-account-agent-02,PA000022,"Español, Inglés, Francés",2024/11/23 08:00,<marquee>Hacked</marquee>,EUR 55000.00,https://example.com/photo/agent-02.jpg,airline-02
agent-02-prueba23,user-account-agent-02,PA000023,"Español, Inglés, Francés",2024/11/23 08:00,<script>alert(‘Hacked!’);</script>,EUR 55000.00,https://example.com/photo/agent-02.jpg,airline-02
agent-02-prueba24,user-account-agent-02,PA000024,"Español, Inglés, Francés",2024/11/23 08:00,' or 'A' = 'A,EUR 55000.00,https://example.com/photo/agent-02.jpg,airline-02
agent-02-prueba25,user-account-agent-02,PA000025,"Español, Inglés, Francés",2024/11/23 08:00,,EUR 55000.00,https://example.com/photo/agent-02.jpg,airline-02
agent-02-prueba26,user-account-agent-02,PA000026,"Español, Inglés, Francés",2024/11/23 08:00,"Especialista en asistencia al pasajero, resolviendo incidencias con eficiencia y profesionalismo.",,https://example.com/photo/agent-02.jpg,airline-02
agent-02-prueba27,user-account-agent-02,PA000027,"Español, Inglés, Francés",2024/11/23 08:00,"Especialista en asistencia al pasajero, resolviendo incidencias con eficiencia y profesionalismo.",EUR 0.00,https://example.com/photo/agent-02.jpg,airline-02
agent-02-prueba28,user-account-agent-02,PA000028,"Español, Inglés, Francés",2024/11/23 08:00,"Especialista en asistencia al pasajero, resolviendo incidencias con eficiencia y profesionalismo.",EUR 0.01,https://example.com/photo/agent-02.jpg,airline-02
agent-02-prueba29,user-account-agent-02,PA000029,"Español, Inglés, Francés",2024/11/23 08:00,"Especialista en asistencia al pasajero, resolviendo incidencias con eficiencia y profesionalismo.",EUR 999999.99,https://example.com/photo/agent-02.jpg,airline-02
agent-02-prueba30,user-account-agent-02,PA000030,"Español, Inglés, Francés",2024/11/23 08:00,"Especialista en asistencia al pasajero, resolviendo incidencias con eficiencia y profesionalismo.",EUR 1000000.00,https://example.com/photo/agent-02.jpg,airline-02
agent-02-prueba31,user-account-agent-02,PA000031,"Español, Inglés, Francés",2024/11/23 08:00,"Especialista en asistencia al pasajero, resolviendo incidencias con eficiencia y profesionalismo.",EUR 55000.00,ftp://a,airline-02
agent-02-prueba32,user-account-agent-02,PA000032,"Español, Inglés, Francés",2024/11/23 08:00,"Especialista en asistencia al pasajero, resolviendo incidencias con eficiencia y profesionalismo.",EUR 55000.00,ftp://a.b,airline-02
agent-02-prueba33,user-account-agent-02,PA000033,"Español, Inglés, Francés",2024/11/23 08:00,"Especialista en asistencia al pasajero, resolviendo incidencias con eficiencia y profesionalismo.",EUR 55000.00,"http://www.lorem-ipsum.org/dolor/sit/amet,/consectetur/adipiscing/elit,/sed/do/eiusmod/tempor/incididunt/ut/labore/et/dolore/magna/aliqua/Ut/enim/ad/minim/veniam/quis/nostrud/exercitation/ullamco/laboris/nisi/ut/aliquip/ex/ea/commodo/consequat/duis/aute/",airline-02
agent-02-prueba34,user-account-agent-02,PA000034,"Español, Inglés, Francés",2024/11/23 08:00,"Especialista en asistencia al pasajero, resolviendo incidencias con eficiencia y profesionalismo.",EUR 55000.00,"http://www.lorem-ipsum.org/dolor/sit/amet,/consectetur/adipiscing/elit,/sed/do/eiusmod/tempor/incididunt/ut/labore/et/dolore/magna/aliqua/Ut/enim/ad/minim/veniam/quis/nostrud/exercitation/ullamco/laboris/nisi/ut/aliquip/ex/ea/commodo/consequat/duis/aute/X",airline-02
agent-02-prueba35,user-account-agent-02,PA000035,"Español, Inglés, Francés",2024/11/23 08:00,"Especialista en asistencia al pasajero, resolviendo incidencias con eficiencia y profesionalismo.",EUR 55000.00,https://www.lorem-ipsum.org,airline-02
agent-02-prueba36,user-account-agent-02,PA000036,"Español, Inglés, Francés",2024/11/23 08:00,"Especialista en asistencia al pasajero, resolviendo incidencias con eficiencia y profesionalismo.",EUR 55000.00,ftp://www.lorem-ipsum.org,airline-02
agent-02-prueba37,user-account-agent-02,PA000037,"Español, Inglés, Francés",2024/11/23 08:00,"Especialista en asistencia al pasajero, resolviendo incidencias con eficiencia y profesionalismo.",EUR 55000.00,http://www.lorem-ipsum.org/dolor/sit.html,airline-02
agent-02-prueba38,user-account-agent-02,PA000038,"Español, Inglés, Francés",2024/11/23 08:00,"Especialista en asistencia al pasajero, resolviendo incidencias con eficiencia y profesionalismo.",EUR 55000.00,http://www.lorem-ipsum.org/dolor/sit.html#dolor,airline-02
agent-02-prueba39,user-account-agent-02,PA000039,"Español, Inglés, Francés",2024/11/23 08:00,"Especialista en asistencia al pasajero, resolviendo incidencias con eficiencia y profesionalismo.",EUR 55000.00,http://example.org?a=1&b=2,airline-02
agent-02-prueba40,user-account-agent-02,PA000040,"Español, Inglés, Francés",2024/11/23 08:00,"Especialista en asistencia al pasajero, resolviendo incidencias con eficiencia y profesionalismo.",EUR 55000.00,http://example.org?,airline-02
agent-02-prueba41,user-account-agent-02,PA000041,"Español, Inglés, Francés",2024/11/23 08:00,"Especialista en asistencia al pasajero, resolviendo incidencias con eficiencia y profesionalismo.",EUR 55000.00,http://example.org?a,airline-02
agent-02-prueba42,user-account-agent-02,PA000042,"Español, Inglés, Francés",2024/11/23 08:00,"Especialista en asistencia al pasajero, resolviendo incidencias con eficiencia y profesionalismo.",EUR 55000.00,http://example.org?a&b,airline-02
agent-02-prueba43,user-account-agent-02,PA000043,"Español, Inglés, Francés",2024/11/23 08:00,"Especialista en asistencia al pasajero, resolviendo incidencias con eficiencia y profesionalismo.",EUR 55000.00,http://example.org/,airline-02
agent-02-prueba44,user-account-agent-02,PA000044,"Español, Inglés, Francés",2024/11/23 08:00,"Especialista en asistencia al pasajero, resolviendo incidencias con eficiencia y profesionalismo.",EUR 55000.00,http://example.org/a,airline-02
agent-02-prueba45,user-account-agent-02,PA000045,"Español, Inglés, Francés",2024/11/23 08:00,"Especialista en asistencia al pasajero, resolviendo incidencias con eficiencia y profesionalismo.",EUR 55000.00,http://example.org/a/b,airline-02
agent-02-prueba46,user-account-agent-02,PA000046,"Español, Inglés, Francés",2024/11/23 08:00,"Especialista en asistencia al pasajero, resolviendo incidencias con eficiencia y profesionalismo.",EUR 55000.00,http://example.org/a/b?,airline-02
agent-02-prueba47,user-account-agent-02,PA000047,"Español, Inglés, Francés",2024/11/23 08:00,"Especialista en asistencia al pasajero, resolviendo incidencias con eficiencia y profesionalismo.",EUR 55000.00,http://example.org/a/b?a&b,airline-02
agent-02-prueba48,user-account-agent-02,PA000048,"Español, Inglés, Francés",2024/11/23 08:00,"Especialista en asistencia al pasajero, resolviendo incidencias con eficiencia y profesionalismo.",EUR 55000.00,,airline-02
